انا اللى استاهل,انا اللى استاهل,5,2,1984,21041.mp4
المشبوه,المشبوه,5,2,1981,21545.mp4
النمر و الانثى,النمر و الانثى,5,2,1987,21545.mp4
احترس من الخط,احترس من الخط,5,2,1984,21545.mp4
غزل البنات,غزل البنات,5,2,1949,21545.mp4
مرزوقة,مرزوقة,5,2,1983,21545.mp4
عنتر شايل سيفه,عنتر شايل سيفه,5,2,1983,21545.mp4
حب فوق السحاب,حب فوق السحاب,5,2,1986,21545.mp4
الزمار,الزمار,5,2,1985,21545.mp4
فتوات بولاق,فتوات بولاق,5,2,1981,21545.mp4
رجال لايعرفون الحب,رجال لايعرفون الحب,5,2,1979,21545.mp4
شاهد اثبات,شاهد اثبات,5,2,1987,21545.mp4
زوج تحت الطلب,زوج تحت الطلب,5,2,1985,21545.mp4
الاعتراف الاخير,الاعتراف الاخير,5,2,1978,21545.mp4
الكومندان,الكومندان,5,2,1986,21545.mp4
الراقصة والطبال,الراقصة والطبال,5,2,1984,21545.mp4
اسوار المدابغ,اسوار المدابغ,5,2,1983,21545.mp4
مطلوب حيا او ميتا,مطلوب حيا او ميتا,5,2,1984,21545.mp4
وداعا يا ولدى,وداعا يا ولدى,5,2,1986,21545.mp4
الصعاليك,الصعاليك,5,2,1968,21545.mp4
الخونة,الخونة,5,2,1984,21545.mp4
الطاغية,الطاغية,5,2,1985,21545.mp4
الانثى,الانثى,5,2,1986,21545.mp4
الاحتياط واجب,الاحتياط واجب,5,2,1983,21545.mp4
عيب يا لولو,عيب يا لولو,5,2,1978,21545.mp4
انا المجنون,انا المجنون,5,2,1981,21545.mp4
اعدام ميت,اعدام ميت,5,2,1985,21545.mp4
الازواج الشياطين,الازواج الشياطين,5,2,1977,21545.mp4
القرش,القرش,5,2,1981,21545.mp4
خلى بالك من عقلك,خلى بالك من عقلك,5,2,1985,21545.mp4
X علامة معناها الخطا,X علامة معناها الخطا,5,2,1980,21545.mp4
زمن حاتم زهران,زمن حاتم زهران,5,2,1987,21545.mp4
البيه البواب,البيه البواب,5,2,1987,21545.mp4
الفرن,الفرن,5,2,1984,21545.mp4
الكيف,الكيف,5,2,1985,21545.mp4
حب فى الزنزانة,حب فى الزنزانة,5,2,1983,21545.mp4
انتحار صاحب الشقة,انتحار صاحب الشقة,5,2,1986,21545.mp4
جرى الوحوش,جرى الوحوش,5,2,1987,21545.mp4
نوع من النساء,نوع من النساء,5,2,1979,21545.mp4
رجل بمعنى الكلمة,رجل بمعنى الكلمة,5,2,1978,21545.mp4
واحدة بواحدة,واحدة بواحدة,5,2,1984,21545.mp4
وبالوالدين احسانا,وبالوالدين احسانا,5,2,1976,21545.mp4
المطارد,المطارد,5,2,1985,21545.mp4
اخر الرجال المحترمين,اخر الرجال المحترمين,5,2,1984,21545.mp4
شاهد ماشفش حاجة,شاهد ماشفش حاجة,5,2,1976,21545.mp4
الواد سيد الشغال,الواد سيد الشغال,5,2,1985,21545.mp4
اصدقاء الشيطان,اصدقاء الشيطان,5,2,1988,21545.mp4
الاونطجية,الاونطجية,5,2,1987,21545.mp4
غريب فى بيتى,غريب فى بيتى,5,2,1982,21545.mp4
الانسان يعيش مرة واحدة,الانسان يعيش مرة واحدة,5,2,1981,21545.mp4
شوارع من نار,شوارع من نار,5,2,1984,21545.mp4
عاد لينتقم,عاد لينتقم,5,2,1988,21545.mp4
انغام,انغام,5,2,1986,21545.mp4
باب النصر,باب النصر,5,2,1988,21545.mp4
فتوة الجبل,فتوة الجبل,5,2,1980,21545.mp4
لعنة الزمن,لعنة الزمن,5,2,1979,21545.mp4
لعنة المال,لعنة المال,5,2,1987,21545.mp4
لك يوم يا بيه,لك يوم يا بيه,5,2,1984,21545.mp4
ليال,ليال,5,2,1982,21545.mp4
قاتل ما قتلش حد,قاتل ما قتلش حد,5,2,1979,21545.mp4
رجب الوحش,رجب الوحش,5,2,1985,21545.mp4
شيطان من عسل,شيطان من عسل,5,2,1985,21545.mp4
تحدى الاقوياء,تحدى الاقوياء,5,2,1980,21545.mp4
على من نطلق الرصاص,على من نطلق الرصاص,5,2,1975,21545.mp4
الاخوة الغرباء,الاخوة الغرباء,5,2,1980,21545.mp4
اه يا بلد اه,اه يا بلد اه,5,2,1986,21545.mp4
حب لا يرى الشمس,حب لا يرى الشمس,5,2,1980,21545.mp4
حساب السنين,حساب السنين,5,2,1978,21545.mp4
انا,انا,5,2,1900,21545.mp4
عفوا ايها القانون,عفوا ايها القانون,5,2,1985,21545.mp4
نواعم,نواعم,5,2,1988,21545.mp4
الاستاذ يعرف اكثر,الاستاذ يعرف اكثر,5,2,1985,21545.mp4
الخرتيت,الخرتيت,5,2,1987,21545.mp4
من يطفئ النار,من يطفئ النار,5,2,1982,21545.mp4
تجيبها كده تجيلها كده هى كده,تجيبها كده تجيلها كده هى كده,5,2,1983,21545.mp4
عصابة حمادة و توتو,عصابة حمادة و توتو,5,2,1982,21545.mp4
خرج ولم يعد,خرج ولم يعد,5,2,1984,21545.mp4
حتى لا يطير الدخان,حتى لا يطير الدخان,5,2,1984,21545.mp4
النمر الاسود,النمر الاسود,5,2,1984,21545.mp4
القضية رقم 1,القضية رقم 1,5,2,1982,21545.mp4
دموع فى ليلة الزفاف,دموع فى ليلة الزفاف,5,2,1981,21545.mp4
الوهم,الوهم,5,2,1979,21545.mp4
درب الجدعان,درب الجدعان,5,2,1992,21545.mp4
دموع الشيطان,دموع الشيطان,5,2,1986,21545.mp4
فيش و تشبيه,فيش و تشبيه,5,2,1986,21545.mp4
رجل ضد القانون,رجل ضد القانون,5,2,1988,21545.mp4
صفقة مع امراة,صفقة مع امراة,5,2,1985,21545.mp4
شقة الاستاذ حسن,شقة الاستاذ حسن,5,2,1984,21545.mp4
ابتسامة فى عيون حزينة,ابتسامة فى عيون حزينة,5,2,1987,21545.mp4
احترس عصابة النساء,احترس عصابة النساء,5,2,1986,21545.mp4
اسياد و عبيد,اسياد و عبيد,5,2,1978,21545.mp4
اغتيال مدرسة,اغتيال مدرسة,5,2,1988,21545.mp4
اقوى من الايام,اقوى من الايام,5,2,1979,21545.mp4
الاخرس,الاخرس,5,2,1980,21545.mp4
الاقوياء,الاقوياء,5,2,1980,21545.mp4
البنات عايزة ايه,البنات عايزة ايه,5,2,1980,21545.mp4
البنات و المجهول,البنات و المجهول,5,2,1986,21545.mp4
الحب قبل الخبز احيانا,الحب قبل الخبز احيانا,5,2,1977,21545.mp4
الرجل الذى عطس,الرجل الذى عطس,5,2,1985,21545.mp4
السطوح,السطوح,5,2,1984,21545.mp4
الشريدة,الشريدة,5,2,1980,21545.mp4
الشيخ حسن,الشيخ حسن,5,2,1954,21545.mp4
العبقرى و الحب,العبقرى و الحب,5,2,1987,21545.mp4
العيال الطيبين,العيال الطيبين,5,2,1976,21545.mp4
القاضى و الجلاد,القاضى و الجلاد,5,2,1978,21545.mp4
اللص,اللص,5,2,1990,21545.mp4
اللعنة,اللعنة,5,2,1984,21545.mp4
المتمرد,المتمرد,5,2,1987,21545.mp4
المحفظة معايا,المحفظة معايا,5,2,1978,21545.mp4
المزيكاتى,المزيكاتى,5,2,1988,21545.mp4
المعتوه,المعتوه,5,2,1982,21545.mp4
المنتقمون,المنتقمون,5,2,1985,21545.mp4
المواجهة,المواجهة,5,2,1987,21545.mp4
الموظفون فى الارض,الموظفون فى الارض,5,2,1985,21545.mp4
امراة فى السجن,امراة فى السجن,5,2,1986,21545.mp4
امراة من نار,امراة من نار,5,2,1987,21545.mp4
امهات فى المنفى,امهات فى المنفى,5,2,1981,21545.mp4
ان ربك لبالمرصاد,ان ربك لبالمرصاد,5,2,1983,21545.mp4
انا العدالة,انا العدالة,5,2,1961,21545.mp4
انهيار,انهيار,5,2,1982,21545.mp4
بحر الاوهام,بحر الاوهام,5,2,1984,21545.mp4
بيت الكوامل,بيت الكوامل,5,2,1986,21545.mp4
حادى بادى,حادى بادى,5,2,1984,21545.mp4
حارة الطيبين,حارة الطيبين,5,2,1987,21545.mp4
حكمتك يا رب,حكمتك يا رب,5,2,1976,21545.mp4
خدعتنى امراة,خدعتنى امراة,5,2,1979,21545.mp4
خيوط العنكبوت,خيوط العنكبوت,5,2,1985,21545.mp4
دائرة الشك,دائرة الشك,5,2,1980,21545.mp4
سكة سفر,سكة سفر,5,2,1987,21545.mp4
شادر السمك,شادر السمك,5,2,1986,21545.mp4
شباب فى الجحيم,شباب فى الجحيم,5,2,1988,21545.mp4
شباب لكل الاجيال,شباب لكل الاجيال,5,2,1988,21545.mp4
عطشانة,عطشانة,5,2,1987,21545.mp4
عماشة فى الادغال,عماشة فى الادغال,5,2,1972,21545.mp4
غريب ولد عجيب,غريب ولد عجيب,5,2,1983,21545.mp4
فتوة درب العسال,فتوة درب العسال,5,2,1985,21545.mp4
قصر فى الهواء,قصر فى الهواء,5,2,1978,21545.mp4
قلبى يهواك,قلبى يهواك,5,2,1955,21545.mp4
لحظة ضعف,لحظة ضعف,5,2,1981,21545.mp4
لعدم كفاية الادلة,لعدم كفاية الادلة,5,2,1987,21545.mp4
لن اغفر ابدا,لن اغفر ابدا,5,2,1981,21545.mp4
ليالى الصبر,ليالى الصبر,5,2,1992,21545.mp4
محطة الانس,محطة الانس,5,2,1985,21545.mp4
مدافن مفروشة للإيجار,مدافن مفروشة للإيجار,5,2,1986,21545.mp4
مسعود سعيد ليه,مسعود سعيد ليه,5,2,1983,21545.mp4
مقص عم قنديل,مقص عم قنديل,5,2,1985,21545.mp4
ويبقى الحب,ويبقى الحب,5,2,1987,21545.mp4
وداعاً للعذاب,وداعاً للعذاب,5,2,1978,21545.mp4
ولا من شاف ولا من درى,ولا من شاف ولا من درى,5,2,1983,21545.mp4
